INPUT:image	OUTPUT:result	CONFIDENCE:result
labelled/20.png	yes	100.00%
labelled/94.png	yes	100.00%
labelled/54.png	other	100.00%
labelled/23.png	other	100.00%
labelled/112.png	other	100.00%
labelled/128.png	yes	100.00%
labelled/38.png	other	100.00%
labelled/118.png	yes	100.00%
labelled/8.png	no	100.00%
labelled/1.png	other	100.00%
labelled/43.png	other	100.00%
labelled/135.png	yes	100.00%
labelled/34.png	yes	100.00%
labelled/3.png	no	100.00%
labelled/7.png	no	100.00%
labelled/90.png	other	100.00%
labelled/13.png	no	100.00%
labelled/10.png	no	100.00%
labelled/14.png	no	100.00%
labelled/15.png	no	100.00%
labelled/4.png	no	100.00%
labelled/196.png	yes	100.00%
labelled/55.png	yes	100.00%
labelled/2.png	no	100.00%
labelled/57.png	other	100.00%
labelled/192.png	yes	100.00%
labelled/0.png	no	100.00%
labelled/85.png	yes	100.00%
labelled/33.png	other	100.00%
labelled/9.png	no	100.00%
labelled/127.png	yes	100.00%
labelled/78.png	other	100.00%
labelled/17.png	no	100.00%
labelled/32.png	other	100.00%
labelled/5.png	no	100.00%
labelled/40.png	other	100.00%
labelled/11.png	no	100.00%
labelled/16.png	no	100.00%
labelled/189.png	yes	100.00%
labelled/108.png	other	100.00%
labelled/198.png	yes	100.00%
labelled/195.png	yes	100.00%
labelled/12.png	other	100.00%
labelled/114.png	other	100.00%
labelled/129.png	yes	100.00%
labelled/6.png	no	100.00%
labelled/126.png	yes	100.00%
labelled/42.png	other	100.00%
unlabelled/1583.png	no	99.99%
unlabelled/1245.png	no	99.99%
unlabelled/435.png	no	99.99%
unlabelled/1499.png	no	99.99%
unlabelled/1317.png	no	99.99%
unlabelled/694.png	error	73.75%
unlabelled/1395.png	no	60.86%
unlabelled/1764.png	no	99.99%
unlabelled/115.png	no	99.99%
unlabelled/583.png	other	80.81%
unlabelled/221.png	no	100.00%
unlabelled/1212.png	no	99.99%
unlabelled/1207.png	no	99.99%
unlabelled/1792.png	no	99.99%
unlabelled/1369.png	other	80.81%
unlabelled/1234.png	no	99.99%
unlabelled/1639.png	no	99.99%
unlabelled/1784.png	no	100.00%
unlabelled/1089.png	other	100.00%
unlabelled/897.png	no	99.99%
unlabelled/190.png	no	100.00%
unlabelled/614.png	no	99.99%
unlabelled/585.png	other	99.99%
unlabelled/163.png	no	100.00%
unlabelled/1061.png	no	100.00%
unlabelled/1458.png	no	99.99%
unlabelled/476.png	no	100.00%
unlabelled/447.png	no	99.99%
unlabelled/1996.png	no	98.30%
unlabelled/1463.png	no	98.30%
unlabelled/73.png	no	99.89%
unlabelled/1426.png	no	99.99%
unlabelled/1114.png	no	99.99%
unlabelled/1553.png	no	99.99%
unlabelled/1678.png	no	99.70%
unlabelled/1935.png	no	99.99%
unlabelled/1501.png	no	99.99%
unlabelled/1681.png	no	99.99%
unlabelled/763.png	no	99.32%
unlabelled/923.png	no	99.99%
unlabelled/1413.png	no	99.99%
unlabelled/1235.png	no	100.00%
unlabelled/252.png	other	80.81%
unlabelled/308.png	no	100.00%
unlabelled/1640.png	no	100.00%
unlabelled/1185.png	no	100.00%
unlabelled/120.png	no	99.98%
unlabelled/1863.png	no	99.88%
unlabelled/375.png	no	99.99%
unlabelled/616.png	no	99.99%
unlabelled/919.png	no	99.99%
unlabelled/494.png	yes	99.99%
unlabelled/168.png	no	99.99%
unlabelled/1074.png	no	100.00%
unlabelled/926.png	no	99.99%
unlabelled/1337.png	no	99.99%
unlabelled/630.png	no	99.99%
unlabelled/1932.png	yes	100.00%
unlabelled/382.png	no	99.99%
unlabelled/1393.png	no	100.00%
unlabelled/280.png	no	99.99%
unlabelled/1031.png	no	99.99%
unlabelled/51.png	yes	100.00%
unlabelled/1658.png	other	100.00%
unlabelled/1098.png	no	99.99%
unlabelled/673.png	no	99.94%
unlabelled/1770.png	no	99.95%
unlabelled/754.png	no	99.99%
unlabelled/1374.png	no	99.99%
unlabelled/1415.png	no	99.99%
unlabelled/1125.png	no	99.99%
unlabelled/407.png	other	99.99%
unlabelled/1072.png	no	99.99%
unlabelled/1624.png	no	99.99%
unlabelled/1183.png	other	81.71%
unlabelled/1200.png	no	100.00%
unlabelled/70.png	no	100.00%
unlabelled/147.png	no	99.99%
unlabelled/55.png	no	100.00%
unlabelled/364.png	no	100.00%
unlabelled/877.png	no	100.00%
unlabelled/1215.png	yes	100.00%
unlabelled/665.png	other	83.02%
unlabelled/845.png	no	99.99%
unlabelled/1928.png	no	100.00%
unlabelled/1539.png	other	99.99%
unlabelled/949.png	no	100.00%
unlabelled/1628.png	no	99.99%
unlabelled/1046.png	yes	99.99%
unlabelled/38.png	no	100.00%
unlabelled/1422.png	no	99.99%
unlabelled/787.png	no	99.96%
unlabelled/1196.png	other	100.00%
unlabelled/124.png	no	99.99%
unlabelled/285.png	no	100.00%
unlabelled/1778.png	yes	100.00%
unlabelled/1631.png	other	78.96%
unlabelled/1363.png	no	99.99%
unlabelled/1582.png	no	100.00%
unlabelled/595.png	no	100.00%
unlabelled/1057.png	no	99.99%
unlabelled/1015.png	no	99.99%
unlabelled/1930.png	no	99.99%
unlabelled/1113.png	no	99.99%
unlabelled/76.png	no	99.99%
unlabelled/1400.png	no	99.99%
unlabelled/1232.png	no	99.99%
unlabelled/843.png	other	100.00%
unlabelled/747.png	no	100.00%
unlabelled/154.png	no	99.99%
unlabelled/602.png	yes	100.00%
unlabelled/1973.png	no	99.99%
unlabelled/194.png	no	99.99%
unlabelled/415.png	no	99.99%
unlabelled/1767.png	no	99.99%
unlabelled/1365.png	no	99.99%
unlabelled/466.png	no	100.00%
unlabelled/437.png	no	99.99%
unlabelled/1695.png	no	99.99%
unlabelled/597.png	no	100.00%
unlabelled/1602.png	no	99.99%
unlabelled/1092.png	no	99.88%
unlabelled/1530.png	no	97.63%
unlabelled/895.png	no	99.99%
unlabelled/1314.png	no	100.00%
unlabelled/687.png	no	99.99%
unlabelled/1469.png	no	99.99%
unlabelled/590.png	no	100.00%
unlabelled/1704.png	no	100.00%
unlabelled/982.png	no	100.00%
unlabelled/1286.png	no	100.00%
unlabelled/1377.png	no	100.00%
unlabelled/1441.png	no	99.99%
unlabelled/535.png	no	100.00%
unlabelled/1266.png	no	99.99%
unlabelled/722.png	no	100.00%
unlabelled/700.png	no	97.63%
unlabelled/552.png	no	99.89%
unlabelled/1287.png	no	99.99%
unlabelled/588.png	no	99.99%
unlabelled/341.png	no	99.60%
unlabelled/1703.png	no	100.00%
unlabelled/657.png	no	99.99%
unlabelled/1763.png	other	77.36%
unlabelled/846.png	no	100.00%
unlabelled/1874.png	no	100.00%
unlabelled/811.png	no	99.99%
unlabelled/1008.png	no	99.99%
unlabelled/1268.png	no	99.99%
unlabelled/562.png	no	99.99%
unlabelled/1262.png	yes	100.00%
unlabelled/660.png	no	99.99%
unlabelled/455.png	no	99.99%
unlabelled/481.png	no	99.99%
unlabelled/1455.png	no	99.99%
unlabelled/383.png	no	99.99%
unlabelled/347.png	error	99.99%
unlabelled/550.png	no	99.95%
unlabelled/631.png	other	99.99%
unlabelled/540.png	other	99.99%
unlabelled/977.png	no	99.92%
unlabelled/82.png	yes	100.00%
unlabelled/621.png	no	100.00%
unlabelled/1095.png	no	99.99%
unlabelled/1844.png	no	99.99%
unlabelled/531.png	no	99.99%
unlabelled/776.png	yes	100.00%
unlabelled/1643.png	yes	100.00%
unlabelled/143.png	no	99.99%
unlabelled/1615.png	no	99.99%
unlabelled/1841.png	no	99.99%
unlabelled/150.png	error	90.59%
unlabelled/830.png	no	100.00%
unlabelled/512.png	no	99.99%
unlabelled/1052.png	no	99.99%
unlabelled/648.png	no	99.99%
unlabelled/1586.png	yes	100.00%
unlabelled/518.png	no	99.99%
unlabelled/151.png	no	100.00%
unlabelled/316.png	no	99.99%
unlabelled/1829.png	no	99.99%
unlabelled/636.png	no	100.00%
unlabelled/1190.png	no	99.99%
unlabelled/870.png	no	99.99%
unlabelled/459.png	no	100.00%
unlabelled/1137.png	no	99.99%
unlabelled/1520.png	no	100.00%
unlabelled/791.png	no	99.99%
unlabelled/890.png	yes	100.00%
unlabelled/443.png	no	100.00%
unlabelled/371.png	no	99.99%
unlabelled/1926.png	no	99.99%
unlabelled/284.png	no	97.61%
unlabelled/965.png	no	99.99%
unlabelled/340.png	no	99.99%
unlabelled/594.png	no	99.99%
unlabelled/427.png	no	100.00%
unlabelled/1786.png	no	100.00%
unlabelled/1398.png	no	100.00%
unlabelled/251.png	no	100.00%
unlabelled/1300.png	no	100.00%
unlabelled/1721.png	no	99.99%
unlabelled/782.png	no	99.99%
unlabelled/1614.png	other	100.00%
unlabelled/1481.png	no	100.00%
unlabelled/606.png	no	99.99%
unlabelled/236.png	no	100.00%
unlabelled/376.png	no	100.00%
unlabelled/14.png	no	100.00%
unlabelled/1162.png	no	100.00%
unlabelled/779.png	no	99.99%
unlabelled/1130.png	yes	100.00%
unlabelled/103.png	no	100.00%
unlabelled/872.png	no	100.00%
unlabelled/1366.png	other	100.00%
unlabelled/690.png	no	99.99%
unlabelled/1043.png	no	100.00%
unlabelled/358.png	error	99.99%
unlabelled/1633.png	no	100.00%
unlabelled/555.png	no	100.00%
unlabelled/864.png	no	100.00%
unlabelled/1743.png	no	100.00%
unlabelled/633.png	no	99.99%
unlabelled/1283.png	other	100.00%
unlabelled/580.png	no	97.66%
unlabelled/1545.png	no	99.99%
unlabelled/500.png	no	99.97%
unlabelled/1459.png	no	99.99%
unlabelled/915.png	no	100.00%
unlabelled/247.png	yes	100.00%
unlabelled/338.png	no	100.00%
unlabelled/1386.png	no	99.99%
unlabelled/955.png	no	99.99%
unlabelled/1822.png	no	99.99%
unlabelled/477.png	yes	99.98%
unlabelled/862.png	no	100.00%
unlabelled/1772.png	yes	100.00%
unlabelled/1325.png	no	99.69%
unlabelled/720.png	no	97.64%
unlabelled/702.png	no	100.00%
unlabelled/1587.png	no	99.90%
unlabelled/1512.png	no	99.99%
unlabelled/1439.png	no	100.00%
unlabelled/1573.png	no	99.99%
unlabelled/853.png	yes	94.82%
unlabelled/733.png	no	100.00%
unlabelled/1488.png	no	99.99%
unlabelled/1050.png	no	99.99%
unlabelled/1306.png	no	99.99%
unlabelled/404.png	no	99.99%
unlabelled/343.png	no	99.79%
unlabelled/651.png	no	99.69%
unlabelled/1238.png	no	99.99%
unlabelled/1877.png	no	100.00%
unlabelled/920.png	no	99.99%
unlabelled/196.png	no	100.00%
unlabelled/1407.png	no	99.99%
unlabelled/1686.png	no	100.00%
unlabelled/249.png	yes	100.00%
unlabelled/1356.png	no	99.99%
unlabelled/119.png	no	99.99%
unlabelled/27.png	no	99.99%
unlabelled/1920.png	no	100.00%
unlabelled/880.png	other	100.00%
unlabelled/1991.png	no	100.00%
unlabelled/1647.png	no	100.00%
unlabelled/1916.png	no	99.99%
unlabelled/973.png	no	99.92%
unlabelled/1795.png	no	100.00%
unlabelled/935.png	no	100.00%
unlabelled/866.png	no	100.00%
unlabelled/1197.png	no	99.97%
unlabelled/1750.png	error	99.99%
unlabelled/1208.png	no	100.00%
unlabelled/1661.png	no	100.00%
unlabelled/1794.png	no	100.00%
unlabelled/803.png	no	100.00%
unlabelled/354.png	yes	99.99%
unlabelled/100.png	no	100.00%
unlabelled/675.png	other	99.99%
unlabelled/356.png	no	100.00%
unlabelled/1506.png	no	99.99%
unlabelled/1980.png	yes	99.99%
unlabelled/1933.png	yes	100.00%
unlabelled/569.png	yes	99.99%
unlabelled/1575.png	no	100.00%
unlabelled/1453.png	no	100.00%
unlabelled/1836.png	no	99.99%
unlabelled/1994.png	no	100.00%
unlabelled/1620.png	no	100.00%
unlabelled/775.png	no	100.00%
unlabelled/1966.png	no	99.99%
unlabelled/860.png	no	100.00%
unlabelled/1809.png	no	99.99%
unlabelled/1929.png	no	100.00%
unlabelled/760.png	error	99.99%
unlabelled/508.png	no	99.99%
unlabelled/674.png	no	99.99%
unlabelled/146.png	no	100.00%
unlabelled/942.png	no	100.00%
unlabelled/93.png	no	100.00%
unlabelled/840.png	no	100.00%
unlabelled/671.png	no	100.00%
unlabelled/842.png	yes	99.99%
unlabelled/1832.png	yes	100.00%
unlabelled/1522.png	no	100.00%
unlabelled/1084.png	no	100.00%
unlabelled/703.png	no	99.99%
unlabelled/889.png	no	99.99%
unlabelled/1140.png	no	99.99%
unlabelled/559.png	no	100.00%
unlabelled/906.png	yes	99.99%
unlabelled/145.png	no	100.00%
unlabelled/539.png	no	100.00%
unlabelled/654.png	no	100.00%
unlabelled/710.png	no	99.99%
unlabelled/611.png	no	99.99%
unlabelled/336.png	no	99.99%
unlabelled/1018.png	no	99.99%
unlabelled/1670.png	yes	100.00%
unlabelled/1912.png	no	99.99%
unlabelled/499.png	no	99.99%
unlabelled/276.png	error	99.99%
unlabelled/1925.png	no	99.99%
unlabelled/1766.png	no	100.00%
unlabelled/1368.png	no	99.99%
unlabelled/1174.png	other	100.00%
unlabelled/1543.png	no	100.00%
unlabelled/744.png	yes	100.00%
unlabelled/575.png	other	100.00%
unlabelled/1087.png	no	100.00%
unlabelled/1316.png	no	99.99%
unlabelled/1004.png	no	100.00%
unlabelled/1495.png	no	99.99%
unlabelled/1452.png	no	99.99%
unlabelled/12.png	no	100.00%
unlabelled/357.png	no	99.63%
unlabelled/888.png	other	100.00%
unlabelled/464.png	no	99.79%
unlabelled/501.png	no	100.00%
unlabelled/932.png	no	100.00%
unlabelled/1216.png	no	100.00%
unlabelled/718.png	no	100.00%
unlabelled/1882.png	no	100.00%
unlabelled/1878.png	yes	99.99%
unlabelled/1252.png	no	99.99%
unlabelled/1231.png	no	97.66%
unlabelled/1446.png	no	99.99%
unlabelled/1674.png	no	97.61%
unlabelled/1292.png	no	99.99%
unlabelled/678.png	no	97.58%
unlabelled/1791.png	no	99.99%
unlabelled/164.png	no	99.69%
unlabelled/878.png	no	100.00%
unlabelled/874.png	no	97.58%
unlabelled/1037.png	no	100.00%
unlabelled/514.png	no	99.99%
unlabelled/632.png	no	100.00%
unlabelled/686.png	no	100.00%
unlabelled/1420.png	no	100.00%
unlabelled/798.png	no	99.99%
unlabelled/81.png	no	99.99%
unlabelled/314.png	no	99.99%
unlabelled/1296.png	no	97.61%
unlabelled/917.png	no	99.63%
unlabelled/206.png	no	99.99%
unlabelled/256.png	yes	100.00%
unlabelled/310.png	no	99.99%
unlabelled/184.png	no	100.00%
unlabelled/1789.png	no	99.99%
unlabelled/1673.png	no	100.00%
unlabelled/52.png	no	100.00%
unlabelled/1904.png	no	100.00%
unlabelled/1755.png	yes	100.00%
unlabelled/1682.png	no	99.99%
unlabelled/1900.png	other	100.00%
unlabelled/572.png	other	99.99%
unlabelled/1619.png	no	98.35%
unlabelled/1011.png	no	100.00%
unlabelled/623.png	no	99.99%
unlabelled/1680.png	no	100.00%
unlabelled/1759.png	no	99.99%
unlabelled/1149.png	other	100.00%
unlabelled/1859.png	no	100.00%
unlabelled/1342.png	other	74.59%
unlabelled/570.png	no	100.00%
unlabelled/1699.png	no	100.00%
unlabelled/573.png	no	99.99%
unlabelled/1621.png	no	99.99%
unlabelled/388.png	yes	100.00%
unlabelled/858.png	no	97.61%
unlabelled/849.png	no	100.00%
unlabelled/629.png	other	99.99%
unlabelled/1102.png	no	100.00%
unlabelled/1210.png	no	100.00%
unlabelled/85.png	no	100.00%
unlabelled/69.png	no	100.00%
unlabelled/182.png	no	100.00%
unlabelled/1358.png	no	100.00%
unlabelled/556.png	no	100.00%
unlabelled/1592.png	no	100.00%
unlabelled/721.png	no	99.99%
unlabelled/529.png	no	100.00%
unlabelled/961.png	no	100.00%
unlabelled/381.png	no	100.00%
unlabelled/239.png	no	99.99%
unlabelled/43.png	no	100.00%
unlabelled/84.png	no	100.00%
unlabelled/1886.png	no	100.00%
unlabelled/513.png	no	100.00%
unlabelled/1361.png	no	100.00%
unlabelled/1840.png	no	100.00%
unlabelled/1017.png	no	99.99%
unlabelled/1653.png	no	100.00%
unlabelled/242.png	no	99.97%
unlabelled/169.png	no	99.99%
unlabelled/309.png	yes	100.00%
unlabelled/1027.png	no	100.00%
unlabelled/305.png	no	99.99%
unlabelled/724.png	no	100.00%
unlabelled/1642.png	no	100.00%
unlabelled/1523.png	no	100.00%
unlabelled/1165.png	no	100.00%
unlabelled/1507.png	no	100.00%
unlabelled/1418.png	no	99.99%
unlabelled/68.png	yes	100.00%
unlabelled/473.png	no	99.99%
unlabelled/231.png	no	100.00%
unlabelled/1138.png	no	100.00%
unlabelled/1290.png	no	99.99%
unlabelled/1021.png	yes	100.00%
unlabelled/373.png	no	100.00%
unlabelled/526.png	no	99.99%
unlabelled/302.png	no	100.00%
unlabelled/1927.png	yes	100.00%
unlabelled/1040.png	no	99.99%
unlabelled/177.png	no	99.99%
unlabelled/450.png	no	100.00%
unlabelled/587.png	yes	100.00%
unlabelled/1560.png	no	100.00%
unlabelled/698.png	no	99.99%
unlabelled/505.png	no	99.99%
unlabelled/511.png	no	99.99%
unlabelled/1454.png	no	99.99%
unlabelled/29.png	no	99.99%
unlabelled/1568.png	no	99.99%
unlabelled/693.png	no	100.00%
unlabelled/1594.png	no	100.00%
unlabelled/139.png	no	99.99%
unlabelled/137.png	no	100.00%
unlabelled/25.png	no	97.54%
unlabelled/1958.png	no	99.99%
unlabelled/1740.png	no	100.00%
unlabelled/563.png	yes	100.00%
unlabelled/1753.png	other	99.99%
unlabelled/1914.png	no	99.99%
unlabelled/593.png	no	99.99%
unlabelled/1723.png	no	100.00%
unlabelled/1712.png	no	100.00%
unlabelled/1855.png	no	100.00%
unlabelled/1379.png	no	99.99%
unlabelled/796.png	no	100.00%
unlabelled/159.png	no	99.99%
unlabelled/148.png	no	100.00%
unlabelled/1221.png	no	97.63%
unlabelled/1815.png	no	99.99%
unlabelled/1951.png	no	99.99%
unlabelled/42.png	no	99.99%
unlabelled/405.png	no	100.00%
unlabelled/178.png	error	53.87%
unlabelled/66.png	no	99.99%
unlabelled/1217.png	no	100.00%
unlabelled/211.png	no	100.00%
unlabelled/318.png	no	100.00%
unlabelled/1668.png	no	100.00%
unlabelled/1412.png	no	100.00%
unlabelled/1394.png	no	99.99%
unlabelled/1909.png	no	100.00%
unlabelled/1782.png	no	100.00%
unlabelled/1989.png	no	100.00%
unlabelled/1964.png	no	100.00%
unlabelled/101.png	no	100.00%
unlabelled/218.png	no	100.00%
unlabelled/1627.png	no	99.99%
unlabelled/928.png	no	99.99%
unlabelled/1391.png	no	100.00%
unlabelled/171.png	no	99.99%
unlabelled/352.png	no	99.99%
unlabelled/112.png	no	99.99%
unlabelled/1188.png	no	99.99%
unlabelled/460.png	yes	100.00%
unlabelled/1151.png	no	99.99%
unlabelled/1348.png	no	100.00%
unlabelled/495.png	no	99.99%
unlabelled/1773.png	no	99.98%
unlabelled/275.png	other	100.00%
unlabelled/1330.png	no	99.99%
unlabelled/993.png	no	99.99%
unlabelled/645.png	no	100.00%
unlabelled/610.png	yes	100.00%
unlabelled/836.png	no	100.00%
unlabelled/777.png	no	99.79%
unlabelled/818.png	no	99.99%
unlabelled/384.png	no	100.00%
unlabelled/1564.png	no	99.99%
unlabelled/1075.png	no	100.00%
unlabelled/1376.png	other	80.27%
unlabelled/1224.png	yes	100.00%
unlabelled/64.png	no	100.00%
unlabelled/525.png	no	100.00%
unlabelled/1483.png	yes	100.00%
unlabelled/753.png	no	100.00%
unlabelled/1489.png	no	100.00%
unlabelled/1367.png	yes	100.00%
unlabelled/1237.png	no	100.00%
unlabelled/922.png	no	99.99%
unlabelled/1995.png	no	100.00%
unlabelled/812.png	no	100.00%
unlabelled/672.png	no	99.99%
unlabelled/1421.png	no	99.99%
unlabelled/1921.png	other	99.99%
unlabelled/1744.png	no	99.99%
unlabelled/482.png	no	100.00%
unlabelled/542.png	no	99.99%
unlabelled/1783.png	no	100.00%
unlabelled/1871.png	no	99.99%
unlabelled/536.png	no	99.99%
unlabelled/8.png	yes	100.00%
unlabelled/1810.png	no	100.00%
unlabelled/1521.png	no	99.99%
unlabelled/1343.png	no	99.99%
unlabelled/1853.png	no	100.00%
unlabelled/545.png	no	100.00%
unlabelled/647.png	no	100.00%
unlabelled/1922.png	other	80.27%
unlabelled/780.png	no	100.00%
unlabelled/337.png	no	100.00%
unlabelled/1527.png	no	100.00%
unlabelled/1634.png	no	99.99%
unlabelled/828.png	no	99.99%
unlabelled/534.png	no	99.99%
unlabelled/509.png	no	99.99%
unlabelled/524.png	no	99.99%
unlabelled/868.png	no	99.99%
unlabelled/963.png	no	99.99%
unlabelled/72.png	no	100.00%
unlabelled/783.png	no	99.99%
unlabelled/1705.png	no	99.99%
unlabelled/359.png	yes	100.00%
unlabelled/1457.png	no	99.99%
unlabelled/1373.png	no	100.00%
unlabelled/568.png	no	99.99%
unlabelled/393.png	no	99.99%
unlabelled/1397.png	no	99.99%
unlabelled/653.png	no	99.99%
unlabelled/493.png	no	100.00%
unlabelled/1735.png	no	100.00%
unlabelled/1939.png	no	100.00%
unlabelled/31.png	no	99.99%
unlabelled/1115.png	no	99.99%
unlabelled/1579.png	no	99.99%
unlabelled/41.png	no	99.99%
unlabelled/543.png	no	100.00%
unlabelled/995.png	no	99.99%
unlabelled/1908.png	no	100.00%
unlabelled/599.png	no	100.00%
unlabelled/769.png	no	100.00%
unlabelled/1949.png	no	100.00%
unlabelled/311.png	no	100.00%
unlabelled/1430.png	no	100.00%
unlabelled/541.png	other	70.27%
unlabelled/1890.png	no	100.00%
unlabelled/1417.png	no	100.00%
unlabelled/396.png	no	100.00%
unlabelled/170.png	no	100.00%
unlabelled/1679.png	no	100.00%
unlabelled/180.png	yes	100.00%
unlabelled/706.png	no	99.99%
unlabelled/434.png	no	99.99%
unlabelled/1291.png	no	100.00%
unlabelled/1572.png	no	100.00%
unlabelled/945.png	other	100.00%
unlabelled/1940.png	no	100.00%
unlabelled/264.png	no	100.00%
unlabelled/1405.png	yes	100.00%
unlabelled/517.png	no	99.99%
unlabelled/1971.png	other	100.00%
unlabelled/1717.png	no	99.99%
unlabelled/1652.png	yes	99.99%
unlabelled/1950.png	no	99.99%
unlabelled/1985.png	no	99.99%
unlabelled/1762.png	no	100.00%
unlabelled/548.png	no	100.00%
unlabelled/749.png	no	100.00%
unlabelled/258.png	no	100.00%
unlabelled/1310.png	yes	100.00%
unlabelled/408.png	no	100.00%
unlabelled/2.png	no	100.00%
unlabelled/1514.png	no	100.00%
unlabelled/351.png	no	100.00%
unlabelled/649.png	no	100.00%
unlabelled/1253.png	no	100.00%
unlabelled/1959.png	no	100.00%
unlabelled/1598.png	no	99.99%
unlabelled/39.png	other	99.99%
unlabelled/1388.png	no	100.00%
unlabelled/1911.png	no	97.63%
unlabelled/1491.png	no	97.63%
unlabelled/1701.png	no	99.99%
unlabelled/1535.png	no	99.99%
unlabelled/1181.png	no	100.00%
unlabelled/334.png	no	99.99%
unlabelled/226.png	no	100.00%
unlabelled/210.png	no	99.99%
unlabelled/1332.png	no	100.00%
unlabelled/847.png	no	99.99%
unlabelled/491.png	no	100.00%
unlabelled/485.png	no	100.00%
unlabelled/399.png	yes	99.99%
unlabelled/824.png	yes	99.99%
unlabelled/1808.png	yes	100.00%
unlabelled/1565.png	other	99.99%
unlabelled/1732.png	yes	100.00%
unlabelled/934.png	no	100.00%
unlabelled/1687.png	no	99.99%
unlabelled/497.png	yes	100.00%
unlabelled/451.png	no	100.00%
unlabelled/208.png	no	99.93%
unlabelled/564.png	error	99.99%
unlabelled/91.png	no	99.99%
unlabelled/1934.png	no	99.93%
unlabelled/1798.png	no	100.00%
unlabelled/1611.png	other	100.00%
unlabelled/835.png	no	99.99%
unlabelled/1690.png	no	100.00%
unlabelled/817.png	no	99.99%
unlabelled/730.png	no	100.00%
unlabelled/715.png	no	99.99%
unlabelled/1349.png	no	99.99%
unlabelled/1905.png	no	99.99%
unlabelled/502.png	yes	100.00%
unlabelled/1960.png	no	99.99%
unlabelled/859.png	yes	99.99%
unlabelled/484.png	no	100.00%
unlabelled/1264.png	no	99.99%
unlabelled/1765.png	no	100.00%
unlabelled/216.png	no	100.00%
unlabelled/234.png	no	99.99%
unlabelled/927.png	no	100.00%
unlabelled/232.png	no	99.99%
unlabelled/956.png	no	99.99%
unlabelled/1276.png	no	99.99%
unlabelled/1305.png	no	99.99%
unlabelled/1148.png	no	99.99%
unlabelled/937.png	no	100.00%
unlabelled/561.png	no	99.99%
unlabelled/1623.png	no	99.99%
unlabelled/1861.png	no	100.00%
unlabelled/1581.png	no	86.89%
unlabelled/1807.png	no	99.99%
unlabelled/282.png	other	100.00%
unlabelled/1136.png	no	100.00%
unlabelled/1000.png	no	99.99%
unlabelled/440.png	no	99.99%
unlabelled/683.png	no	99.99%
unlabelled/1768.png	no	99.99%
unlabelled/899.png	no	99.99%
unlabelled/1849.png	yes	100.00%
unlabelled/1166.png	yes	100.00%
unlabelled/63.png	no	100.00%
unlabelled/1957.png	no	100.00%
unlabelled/1385.png	no	99.99%
unlabelled/729.png	no	99.99%
unlabelled/1987.png	yes	100.00%
unlabelled/243.png	no	99.99%
unlabelled/1012.png	no	99.99%
unlabelled/406.png	other	99.99%
unlabelled/387.png	no	99.99%
unlabelled/908.png	other	100.00%
unlabelled/582.png	no	99.70%
unlabelled/290.png	no	99.99%
unlabelled/1517.png	other	100.00%
unlabelled/1083.png	no	100.00%
unlabelled/1303.png	yes	99.99%
unlabelled/53.png	no	100.00%
unlabelled/1931.png	no	99.99%
unlabelled/901.png	no	99.99%
unlabelled/173.png	no	99.99%
unlabelled/452.png	no	99.99%
unlabelled/1042.png	no	99.99%
unlabelled/954.png	error	84.47%
unlabelled/149.png	no	99.99%
unlabelled/1835.png	other	100.00%
unlabelled/1020.png	no	100.00%
unlabelled/1249.png	no	100.00%
unlabelled/975.png	no	100.00%
unlabelled/279.png	no	99.99%
unlabelled/1903.png	other	77.79%
unlabelled/1719.png	no	99.99%
unlabelled/711.png	no	100.00%
unlabelled/1443.png	no	99.99%
unlabelled/1399.png	no	99.99%
unlabelled/1942.png	no	100.00%
unlabelled/1666.png	other	100.00%
unlabelled/1801.png	other	99.99%
unlabelled/998.png	error	79.16%
unlabelled/350.png	no	100.00%
unlabelled/496.png	no	99.99%
unlabelled/1761.png	no	99.99%
unlabelled/941.png	other	79.87%
unlabelled/971.png	no	100.00%
unlabelled/1848.png	no	100.00%
unlabelled/301.png	yes	99.99%
unlabelled/370.png	no	100.00%
unlabelled/712.png	no	100.00%
unlabelled/1375.png	no	100.00%
unlabelled/1143.png	no	99.99%
unlabelled/1503.png	yes	99.99%
unlabelled/1428.png	no	99.99%
unlabelled/339.png	no	99.99%
unlabelled/1510.png	no	99.99%
unlabelled/981.png	no	100.00%
unlabelled/867.png	no	99.99%
unlabelled/362.png	yes	100.00%
unlabelled/624.png	no	100.00%
unlabelled/1167.png	no	100.00%
unlabelled/1576.png	no	100.00%
unlabelled/403.png	no	100.00%
unlabelled/1659.png	no	100.00%
unlabelled/1549.png	no	99.99%
unlabelled/1239.png	no	100.00%
unlabelled/1806.png	no	100.00%
unlabelled/436.png	no	100.00%
unlabelled/230.png	no	100.00%
unlabelled/549.png	yes	100.00%
unlabelled/655.png	no	100.00%
unlabelled/1698.png	no	100.00%
unlabelled/1544.png	no	99.99%
unlabelled/1641.png	no	100.00%
unlabelled/1486.png	no	100.00%
unlabelled/1277.png	no	100.00%
unlabelled/1129.png	no	100.00%
unlabelled/1834.png	other	99.99%
unlabelled/1410.png	no	100.00%
unlabelled/1218.png	no	100.00%
unlabelled/108.png	no	100.00%
unlabelled/1799.png	no	100.00%
unlabelled/957.png	yes	100.00%
unlabelled/566.png	no	100.00%
unlabelled/1525.png	error	93.76%
unlabelled/615.png	no	100.00%
unlabelled/417.png	other	82.09%
unlabelled/106.png	error	99.99%
unlabelled/1228.png	no	100.00%
unlabelled/428.png	no	100.00%
unlabelled/947.png	yes	100.00%
unlabelled/1256.png	no	100.00%
unlabelled/1258.png	error	54.81%
unlabelled/589.png	other	100.00%
unlabelled/1150.png	no	100.00%
unlabelled/1869.png	no	100.00%
unlabelled/1480.png	no	100.00%
unlabelled/1531.png	no	99.99%
unlabelled/444.png	other	100.00%
unlabelled/994.png	no	99.99%
unlabelled/1233.png	no	99.99%
unlabelled/1254.png	no	99.99%
unlabelled/1854.png	yes	100.00%
unlabelled/662.png	no	99.99%
unlabelled/1879.png	no	99.99%
unlabelled/940.png	no	99.99%
unlabelled/1875.png	no	99.99%
unlabelled/885.png	yes	90.97%
unlabelled/1780.png	no	99.99%
unlabelled/1456.png	no	99.99%
unlabelled/1006.png	no	99.99%
unlabelled/1111.png	no	100.00%
unlabelled/1707.png	no	100.00%
unlabelled/1189.png	no	99.93%
unlabelled/1392.png	no	99.99%
unlabelled/1295.png	no	99.99%
unlabelled/1825.png	no	100.00%
unlabelled/433.png	no	100.00%
unlabelled/831.png	no	100.00%
unlabelled/1981.png	no	99.99%
unlabelled/431.png	no	99.99%
unlabelled/11.png	no	97.63%
unlabelled/767.png	other	100.00%
unlabelled/44.png	no	100.00%
unlabelled/1079.png	no	97.61%
unlabelled/1961.png	no	99.99%
unlabelled/1677.png	yes	100.00%
unlabelled/574.png	no	100.00%
unlabelled/759.png	no	100.00%
unlabelled/997.png	no	99.99%
unlabelled/1067.png	no	97.15%
unlabelled/1204.png	no	97.32%
unlabelled/886.png	no	99.99%
unlabelled/666.png	no	100.00%
unlabelled/1742.png	no	99.99%
unlabelled/1036.png	no	100.00%
unlabelled/635.png	no	99.99%
unlabelled/1360.png	no	100.00%
unlabelled/1177.png	other	100.00%
unlabelled/224.png	no	100.00%
unlabelled/419.png	no	99.99%
unlabelled/420.png	yes	99.99%
unlabelled/723.png	no	100.00%
unlabelled/737.png	no	100.00%
unlabelled/1901.png	no	99.99%
unlabelled/838.png	other	99.99%
unlabelled/546.png	no	99.99%
unlabelled/1826.png	yes	99.99%
unlabelled/751.png	error	99.99%
unlabelled/1820.png	no	99.99%
unlabelled/394.png	no	100.00%
unlabelled/1622.png	no	99.98%
unlabelled/483.png	no	100.00%
unlabelled/1427.png	other	74.94%
unlabelled/772.png	no	99.99%
unlabelled/844.png	no	99.99%
unlabelled/625.png	no	99.96%
unlabelled/659.png	other	67.82%
unlabelled/13.png	no	100.00%
unlabelled/389.png	yes	99.99%
unlabelled/244.png	no	100.00%
unlabelled/58.png	no	100.00%
unlabelled/755.png	no	99.99%
unlabelled/976.png	other	89.88%
unlabelled/240.png	yes	99.99%
unlabelled/1045.png	no	100.00%
unlabelled/891.png	no	100.00%
unlabelled/1736.png	no	100.00%
unlabelled/1211.png	no	100.00%
unlabelled/1975.png	other	100.00%
unlabelled/887.png	no	100.00%
unlabelled/74.png	no	99.99%
unlabelled/1978.png	yes	99.99%
unlabelled/968.png	no	99.99%
unlabelled/1071.png	yes	100.00%
unlabelled/510.png	other	74.32%
unlabelled/1372.png	no	100.00%
unlabelled/475.png	no	100.00%
unlabelled/1019.png	no	100.00%
unlabelled/1479.png	no	100.00%
unlabelled/692.png	other	86.12%
unlabelled/1142.png	no	100.00%
unlabelled/970.png	other	99.99%
unlabelled/448.png	no	99.99%
unlabelled/1347.png	no	99.99%
unlabelled/1756.png	no	100.00%
unlabelled/1577.png	other	99.99%
unlabelled/1843.png	no	99.99%
unlabelled/132.png	yes	100.00%
unlabelled/1334.png	no	99.99%
unlabelled/1324.png	yes	100.00%
unlabelled/1880.png	no	100.00%
unlabelled/854.png	no	99.99%
unlabelled/75.png	no	100.00%
unlabelled/141.png	no	100.00%
unlabelled/656.png	no	100.00%
unlabelled/1617.png	no	99.99%
unlabelled/839.png	no	99.99%
unlabelled/1146.png	other	99.99%
unlabelled/160.png	no	99.99%
unlabelled/1562.png	no	100.00%
unlabelled/1058.png	no	100.00%
unlabelled/161.png	no	100.00%
unlabelled/456.png	no	100.00%
unlabelled/930.png	no	99.99%
unlabelled/986.png	no	100.00%
unlabelled/174.png	no	100.00%
unlabelled/1284.png	no	99.99%
unlabelled/1419.png	no	99.99%
unlabelled/1093.png	no	99.99%
unlabelled/237.png	no	100.00%
unlabelled/1876.png	no	100.00%
unlabelled/418.png	no	100.00%
unlabelled/1537.png	no	99.99%
unlabelled/1039.png	no	99.99%
unlabelled/23.png	no	100.00%
unlabelled/519.png	no	100.00%
unlabelled/1570.png	no	100.00%
unlabelled/345.png	no	100.00%
unlabelled/1243.png	no	99.99%
unlabelled/300.png	no	100.00%
unlabelled/1282.png	no	100.00%
unlabelled/1963.png	no	99.99%
unlabelled/346.png	no	99.99%
unlabelled/1515.png	no	99.99%
unlabelled/1559.png	no	100.00%
unlabelled/1713.png	no	99.99%
unlabelled/1580.png	no	99.99%
unlabelled/228.png	no	99.99%
unlabelled/5.png	no	99.99%
unlabelled/1281.png	no	99.99%
unlabelled/323.png	no	100.00%
unlabelled/1100.png	no	99.99%
unlabelled/126.png	yes	100.00%
unlabelled/155.png	no	100.00%
unlabelled/1313.png	no	99.93%
unlabelled/1718.png	no	99.99%
unlabelled/1153.png	no	100.00%
unlabelled/1383.png	no	100.00%
unlabelled/1868.png	no	100.00%
unlabelled/1423.png	no	100.00%
unlabelled/289.png	no	100.00%
unlabelled/488.png	no	100.00%
unlabelled/322.png	no	100.00%
unlabelled/605.png	other	90.06%
unlabelled/1599.png	no	99.99%
unlabelled/682.png	no	99.99%
unlabelled/1726.png	no	99.99%
unlabelled/1804.png	no	100.00%
unlabelled/1329.png	no	97.61%
unlabelled/1044.png	no	100.00%
unlabelled/943.png	no	99.99%
unlabelled/608.png	no	97.54%
unlabelled/983.png	no	100.00%
unlabelled/172.png	no	97.56%
unlabelled/996.png	no	99.99%
unlabelled/133.png	no	100.00%
unlabelled/784.png	no	99.87%
unlabelled/800.png	no	99.99%
unlabelled/1437.png	no	99.99%
unlabelled/1124.png	no	99.99%
unlabelled/78.png	no	99.99%
unlabelled/260.png	no	99.68%
unlabelled/465.png	error	99.99%
unlabelled/35.png	no	99.99%
unlabelled/167.png	no	99.99%
unlabelled/1434.png	no	99.99%
unlabelled/1265.png	no	99.99%
unlabelled/1496.png	no	99.99%
unlabelled/445.png	no	100.00%
unlabelled/1339.png	no	99.99%
unlabelled/1127.png	no	100.00%
unlabelled/1967.png	no	100.00%
unlabelled/1085.png	no	100.00%
unlabelled/705.png	no	100.00%
unlabelled/298.png	other	87.21%
unlabelled/1414.png	no	100.00%
unlabelled/1063.png	no	99.99%
unlabelled/1604.png	other	100.00%
unlabelled/1155.png	no	100.00%
unlabelled/28.png	other	100.00%
unlabelled/1781.png	no	100.00%
unlabelled/1629.png	no	99.99%
unlabelled/213.png	no	99.99%
unlabelled/736.png	no	99.99%
unlabelled/429.png	no	100.00%
unlabelled/15.png	no	100.00%
unlabelled/1542.png	no	100.00%
unlabelled/254.png	no	100.00%
unlabelled/822.png	no	100.00%
unlabelled/1696.png	no	100.00%
unlabelled/229.png	no	100.00%
unlabelled/731.png	no	100.00%
unlabelled/1382.png	no	100.00%
unlabelled/618.png	yes	99.53%
unlabelled/271.png	no	99.99%
unlabelled/1758.png	other	99.99%
unlabelled/1026.png	no	100.00%
unlabelled/1160.png	other	80.81%
unlabelled/121.png	no	100.00%
unlabelled/1176.png	no	99.99%
unlabelled/86.png	no	99.99%
unlabelled/105.png	other	100.00%
unlabelled/263.png	no	100.00%
unlabelled/1333.png	other	99.99%
unlabelled/1244.png	no	100.00%
unlabelled/768.png	no	100.00%
unlabelled/1563.png	yes	99.99%
unlabelled/1319.png	no	100.00%
unlabelled/1171.png	no	99.99%
unlabelled/1793.png	other	86.12%
unlabelled/65.png	no	100.00%
unlabelled/1700.png	no	100.00%
unlabelled/3.png	no	100.00%
unlabelled/1263.png	no	99.99%
unlabelled/999.png	no	99.99%
unlabelled/804.png	yes	100.00%
unlabelled/259.png	no	100.00%
unlabelled/1202.png	no	99.99%
unlabelled/613.png	no	100.00%
unlabelled/708.png	no	100.00%
unlabelled/522.png	no	100.00%
unlabelled/664.png	no	99.99%
unlabelled/45.png	no	99.99%
unlabelled/1053.png	no	100.00%
unlabelled/1070.png	no	99.99%
unlabelled/1462.png	yes	100.00%
unlabelled/217.png	no	99.99%
unlabelled/752.png	no	99.99%
unlabelled/1497.png	other	100.00%
unlabelled/1883.png	no	99.99%
unlabelled/1729.png	no	98.37%
unlabelled/227.png	other	99.99%
unlabelled/1796.png	no	100.00%
unlabelled/1518.png	no	98.36%
unlabelled/1538.png	no	100.00%
unlabelled/504.png	no	100.00%
unlabelled/199.png	yes	100.00%
unlabelled/1895.png	no	99.99%
unlabelled/1860.png	no	100.00%
unlabelled/617.png	no	100.00%
unlabelled/628.png	other	83.36%
unlabelled/1005.png	error	62.72%
unlabelled/681.png	no	99.86%
unlabelled/317.png	no	99.99%
unlabelled/1251.png	no	99.99%
unlabelled/1352.png	yes	100.00%
unlabelled/857.png	no	99.91%
unlabelled/1195.png	no	100.00%
unlabelled/1170.png	no	99.99%
unlabelled/785.png	no	99.99%
unlabelled/1894.png	no	99.99%
unlabelled/467.png	no	100.00%
unlabelled/329.png	no	99.99%
unlabelled/1320.png	other	100.00%
unlabelled/1667.png	no	99.99%
unlabelled/533.png	no	99.99%
unlabelled/1431.png	other	100.00%
unlabelled/515.png	no	99.99%
unlabelled/1846.png	no	99.99%
unlabelled/401.png	no	99.99%
unlabelled/1605.png	no	99.99%
unlabelled/1094.png	no	99.99%
unlabelled/1476.png	no	99.93%
unlabelled/766.png	no	100.00%
unlabelled/1066.png	no	99.99%
unlabelled/1309.png	yes	100.00%
unlabelled/1002.png	no	100.00%
unlabelled/1247.png	no	99.99%
unlabelled/107.png	no	99.97%
unlabelled/377.png	other	99.99%
unlabelled/1470.png	no	99.99%
unlabelled/861.png	no	99.99%
unlabelled/32.png	no	99.99%
unlabelled/4.png	no	100.00%
unlabelled/1711.png	yes	99.99%
unlabelled/1600.png	no	100.00%
unlabelled/1838.png	no	100.00%
unlabelled/1645.png	no	100.00%
unlabelled/202.png	no	99.99%
unlabelled/1649.png	no	99.99%
unlabelled/1952.png	other	87.21%
unlabelled/699.png	yes	100.00%
unlabelled/774.png	no	100.00%
unlabelled/1299.png	no	99.99%
unlabelled/400.png	no	100.00%
unlabelled/521.png	no	100.00%
unlabelled/1255.png	no	99.99%
unlabelled/833.png	yes	97.74%
unlabelled/1754.png	no	100.00%
unlabelled/390.png	no	100.00%
unlabelled/883.png	no	99.99%
unlabelled/1033.png	no	99.99%
unlabelled/372.png	no	99.99%
unlabelled/192.png	no	99.99%
unlabelled/855.png	no	100.00%
unlabelled/1311.png	no	99.99%
unlabelled/424.png	no	100.00%
unlabelled/696.png	no	99.99%
unlabelled/1359.png	no	100.00%
unlabelled/640.png	yes	99.99%
unlabelled/1857.png	no	100.00%
unlabelled/102.png	no	100.00%
unlabelled/113.png	no	100.00%
unlabelled/1595.png	no	100.00%
unlabelled/516.png	no	99.99%
unlabelled/83.png	other	99.99%
unlabelled/825.png	no	99.99%
unlabelled/1714.png	no	99.99%
unlabelled/50.png	other	99.99%
unlabelled/1650.png	no	100.00%
unlabelled/462.png	no	100.00%
unlabelled/1969.png	no	99.99%
unlabelled/1885.png	yes	100.00%
unlabelled/1467.png	no	100.00%
unlabelled/1490.png	no	99.99%
unlabelled/1536.png	no	100.00%
unlabelled/1725.png	no	100.00%
unlabelled/1025.png	no	100.00%
unlabelled/1267.png	no	100.00%
unlabelled/1460.png	no	100.00%
unlabelled/368.png	no	99.99%
unlabelled/253.png	other	82.34%
unlabelled/1108.png	other	99.99%
unlabelled/1746.png	no	99.99%
unlabelled/778.png	no	99.99%
unlabelled/1992.png	no	100.00%
unlabelled/735.png	no	73.08%
unlabelled/553.png	yes	99.99%
unlabelled/716.png	no	100.00%
unlabelled/992.png	no	99.99%
unlabelled/503.png	no	99.99%
unlabelled/486.png	no	99.94%
unlabelled/1401.png	no	100.00%
unlabelled/738.png	yes	100.00%
unlabelled/1646.png	no	99.99%
unlabelled/1500.png	yes	100.00%
unlabelled/1790.png	no	100.00%
unlabelled/442.png	no	100.00%
unlabelled/1364.png	no	100.00%
unlabelled/810.png	no	100.00%
unlabelled/600.png	no	100.00%
unlabelled/61.png	no	99.99%
unlabelled/320.png	no	99.99%
unlabelled/380.png	no	100.00%
unlabelled/892.png	no	99.99%
unlabelled/1344.png	no	99.99%
unlabelled/734.png	no	99.99%
unlabelled/912.png	other	77.72%
unlabelled/985.png	yes	100.00%
unlabelled/385.png	other	100.00%
unlabelled/612.png	no	99.99%
unlabelled/1888.png	no	99.99%
unlabelled/579.png	no	99.99%
unlabelled/9.png	other	100.00%
unlabelled/1502.png	no	100.00%
unlabelled/198.png	no	100.00%
unlabelled/374.png	no	99.99%
unlabelled/1566.png	no	97.61%
unlabelled/1257.png	no	100.00%
unlabelled/1442.png	no	97.61%
unlabelled/592.png	yes	100.00%
unlabelled/1471.png	no	99.95%
unlabelled/1976.png	no	99.99%
unlabelled/677.png	yes	100.00%
unlabelled/790.png	no	100.00%
unlabelled/295.png	error	99.10%
unlabelled/560.png	no	100.00%
unlabelled/944.png	no	99.99%
unlabelled/1816.png	no	100.00%
unlabelled/1612.png	other	99.99%
unlabelled/1664.png	no	99.99%
unlabelled/1603.png	no	100.00%
unlabelled/1116.png	no	100.00%
unlabelled/1867.png	no	100.00%
unlabelled/1505.png	no	99.99%
unlabelled/528.png	no	100.00%
unlabelled/197.png	no	100.00%
unlabelled/1274.png	no	100.00%
unlabelled/274.png	no	99.99%
unlabelled/1169.png	no	99.99%
unlabelled/1862.png	no	99.99%
unlabelled/1870.png	no	100.00%
unlabelled/1818.png	no	99.99%
unlabelled/1346.png	no	100.00%
unlabelled/1362.png	no	99.99%
unlabelled/153.png	no	99.99%
unlabelled/773.png	no	100.00%
unlabelled/1887.png	no	99.99%
unlabelled/958.png	error	59.22%
unlabelled/1498.png	error	59.22%
unlabelled/873.png	no	100.00%
unlabelled/1748.png	no	100.00%
unlabelled/270.png	no	100.00%
unlabelled/1993.png	error	100.00%
unlabelled/416.png	no	100.00%
unlabelled/1055.png	no	100.00%
unlabelled/1236.png	yes	99.99%
unlabelled/727.png	no	100.00%
unlabelled/680.png	no	100.00%
unlabelled/181.png	no	99.99%
unlabelled/1341.png	no	99.99%
unlabelled/850.png	no	99.99%
unlabelled/1569.png	no	99.99%
unlabelled/966.png	no	99.99%
unlabelled/1464.png	no	100.00%
unlabelled/819.png	no	100.00%
unlabelled/1948.png	no	100.00%
unlabelled/1648.png	no	100.00%
unlabelled/273.png	no	100.00%
unlabelled/1304.png	no	100.00%
unlabelled/1550.png	no	99.99%
unlabelled/609.png	no	100.00%
unlabelled/1487.png	no	100.00%
unlabelled/109.png	error	75.83%
unlabelled/1121.png	no	100.00%
unlabelled/331.png	no	99.99%
unlabelled/771.png	yes	99.99%
unlabelled/1873.png	no	99.99%
unlabelled/1054.png	no	100.00%
unlabelled/990.png	no	100.00%
unlabelled/1979.png	no	99.99%
unlabelled/815.png	no	99.99%
unlabelled/67.png	no	100.00%
unlabelled/1529.png	no	100.00%
unlabelled/936.png	no	100.00%
unlabelled/1917.png	no	100.00%
unlabelled/1134.png	yes	100.00%
unlabelled/1558.png	other	99.99%
unlabelled/421.png	other	99.99%
unlabelled/26.png	no	100.00%
unlabelled/1546.png	no	100.00%
unlabelled/1261.png	no	100.00%
unlabelled/809.png	no	100.00%
unlabelled/1830.png	no	100.00%
unlabelled/642.png	no	99.99%
unlabelled/1139.png	no	100.00%
unlabelled/1660.png	no	99.99%
unlabelled/1728.png	no	100.00%
unlabelled/266.png	no	99.99%
unlabelled/21.png	other	79.37%
unlabelled/88.png	other	80.80%
unlabelled/355.png	no	100.00%
unlabelled/797.png	no	100.00%
unlabelled/1472.png	other	74.46%
unlabelled/200.png	no	100.00%
unlabelled/191.png	no	99.99%
unlabelled/1220.png	no	100.00%
unlabelled/110.png	no	100.00%
unlabelled/1675.png	error	100.00%
unlabelled/1610.png	no	99.99%
unlabelled/1473.png	no	100.00%
unlabelled/20.png	no	100.00%
unlabelled/183.png	no	100.00%
unlabelled/1013.png	no	100.00%
unlabelled/116.png	no	100.00%
unlabelled/1242.png	no	99.99%
unlabelled/1298.png	no	99.99%
unlabelled/1022.png	no	100.00%
unlabelled/468.png	other	99.99%
unlabelled/1706.png	no	99.99%
unlabelled/1059.png	no	99.99%
unlabelled/1193.png	no	99.99%
unlabelled/1785.png	no	99.99%
unlabelled/1831.png	no	100.00%
unlabelled/176.png	no	99.99%
unlabelled/1607.png	yes	100.00%
unlabelled/1596.png	no	99.99%
unlabelled/701.png	no	99.99%
unlabelled/596.png	yes	100.00%
unlabelled/1302.png	no	100.00%
unlabelled/806.png	no	100.00%
unlabelled/537.png	no	99.99%
unlabelled/910.png	no	99.99%
unlabelled/1556.png	other	100.00%
unlabelled/1062.png	no	99.99%
unlabelled/1812.png	other	100.00%
unlabelled/1919.png	no	99.99%
unlabelled/478.png	no	99.99%
unlabelled/506.png	other	100.00%
unlabelled/1016.png	no	100.00%
unlabelled/641.png	no	99.93%
unlabelled/1152.png	no	100.00%
unlabelled/1353.png	yes	100.00%
unlabelled/902.png	no	97.66%
unlabelled/1014.png	no	99.99%
unlabelled/894.png	no	100.00%
unlabelled/1297.png	no	100.00%
unlabelled/79.png	yes	100.00%
unlabelled/1671.png	no	99.99%
unlabelled/1438.png	no	99.99%
unlabelled/225.png	no	100.00%
unlabelled/1494.png	other	100.00%
unlabelled/439.png	no	100.00%
unlabelled/214.png	no	100.00%
unlabelled/367.png	no	100.00%
unlabelled/36.png	no	99.99%
unlabelled/241.png	yes	100.00%
unlabelled/1819.png	no	99.99%
unlabelled/1915.png	no	99.99%
unlabelled/1584.png	no	100.00%
unlabelled/1260.png	other	79.92%
unlabelled/360.png	no	99.99%
unlabelled/1638.png	no	100.00%
unlabelled/1898.png	other	79.92%
unlabelled/426.png	no	99.99%
unlabelled/879.png	no	100.00%
unlabelled/746.png	no	99.99%
unlabelled/1684.png	no	100.00%
unlabelled/1135.png	no	100.00%
unlabelled/581.png	no	99.99%
unlabelled/1955.png	no	100.00%
unlabelled/1105.png	no	100.00%
unlabelled/1107.png	no	100.00%
unlabelled/469.png	other	93.29%
unlabelled/268.png	no	100.00%
unlabelled/1118.png	no	100.00%
unlabelled/220.png	other	86.12%
unlabelled/1747.png	no	100.00%
unlabelled/726.png	no	99.99%
unlabelled/1131.png	no	100.00%
unlabelled/761.png	no	100.00%
unlabelled/530.png	no	100.00%
unlabelled/1636.png	no	100.00%
unlabelled/709.png	no	99.99%
unlabelled/1225.png	no	100.00%
unlabelled/1683.png	no	99.99%
unlabelled/1144.png	no	99.99%
unlabelled/1881.png	no	100.00%
unlabelled/453.png	no	100.00%
unlabelled/326.png	no	99.99%
unlabelled/1450.png	no	99.99%
unlabelled/1248.png	no	99.99%
unlabelled/1946.png	other	79.28%
unlabelled/152.png	no	100.00%
unlabelled/193.png	no	100.00%
unlabelled/748.png	no	100.00%
unlabelled/156.png	no	100.00%
unlabelled/707.png	no	100.00%
unlabelled/1775.png	other	100.00%
unlabelled/1080.png	no	99.99%
unlabelled/186.png	no	99.99%
unlabelled/1689.png	no	99.99%
unlabelled/788.png	no	100.00%
unlabelled/972.png	no	99.99%
unlabelled/770.png	error	81.29%
unlabelled/306.png	no	100.00%
unlabelled/1206.png	other	100.00%
unlabelled/1106.png	no	100.00%
unlabelled/851.png	other	81.71%
unlabelled/1229.png	no	100.00%
unlabelled/299.png	no	100.00%
unlabelled/414.png	yes	100.00%
unlabelled/1323.png	no	100.00%
unlabelled/719.png	no	100.00%
unlabelled/207.png	other	81.71%
unlabelled/348.png	other	81.71%
unlabelled/527.png	no	100.00%
unlabelled/1032.png	no	100.00%
unlabelled/1644.png	no	99.99%
unlabelled/363.png	no	100.00%
unlabelled/1389.png	no	99.99%
unlabelled/1003.png	no	100.00%
unlabelled/1205.png	other	99.99%
unlabelled/829.png	no	100.00%
unlabelled/627.png	no	99.99%
unlabelled/95.png	no	99.99%
unlabelled/1132.png	no	100.00%
unlabelled/349.png	no	100.00%
unlabelled/622.png	yes	100.00%
unlabelled/490.png	no	100.00%
unlabelled/386.png	no	99.99%
unlabelled/1941.png	other	100.00%
unlabelled/544.png	no	99.99%
unlabelled/457.png	no	100.00%
unlabelled/1990.png	no	100.00%
unlabelled/795.png	no	100.00%
unlabelled/144.png	no	100.00%
unlabelled/1387.png	no	100.00%
unlabelled/764.png	other	99.99%
unlabelled/1805.png	no	100.00%
unlabelled/1191.png	yes	99.99%
unlabelled/1485.png	no	100.00%
unlabelled/1198.png	no	100.00%
unlabelled/77.png	no	100.00%
unlabelled/1271.png	no	99.99%
unlabelled/1656.png	no	99.99%
unlabelled/1157.png	no	100.00%
unlabelled/639.png	no	100.00%
unlabelled/1312.png	no	100.00%
unlabelled/1384.png	no	100.00%
unlabelled/950.png	no	100.00%
unlabelled/1448.png	no	100.00%
unlabelled/1109.png	yes	99.99%
unlabelled/125.png	no	100.00%
unlabelled/1482.png	no	100.00%
unlabelled/1974.png	yes	99.99%
unlabelled/1745.png	yes	100.00%
unlabelled/1315.png	no	100.00%
unlabelled/471.png	no	99.99%
unlabelled/1897.png	no	99.99%
unlabelled/650.png	no	99.98%
unlabelled/1099.png	no	99.99%
unlabelled/1357.png	yes	100.00%
unlabelled/1651.png	no	99.99%
unlabelled/98.png	no	99.99%
unlabelled/1187.png	no	99.99%
unlabelled/1390.png	no	99.99%
unlabelled/924.png	no	99.99%
unlabelled/1588.png	no	99.99%
unlabelled/17.png	no	99.99%
unlabelled/166.png	other	100.00%
unlabelled/353.png	no	99.99%
unlabelled/34.png	yes	99.99%
unlabelled/1293.png	no	100.00%
unlabelled/335.png	no	100.00%
unlabelled/1727.png	no	100.00%
unlabelled/697.png	other	99.99%
unlabelled/1724.png	no	99.99%
unlabelled/1175.png	no	100.00%
unlabelled/463.png	no	100.00%
unlabelled/865.png	no	99.99%
unlabelled/1702.png	no	100.00%
unlabelled/1999.png	no	100.00%
unlabelled/1865.png	other	99.99%
unlabelled/138.png	yes	100.00%
unlabelled/679.png	no	100.00%
unlabelled/281.png	other	100.00%
unlabelled/1982.png	no	100.00%
unlabelled/1524.png	no	99.99%
unlabelled/1828.png	no	99.99%
unlabelled/104.png	no	100.00%
unlabelled/1837.png	no	100.00%
unlabelled/461.png	no	100.00%
unlabelled/1436.png	other	77.23%
unlabelled/269.png	yes	99.99%
unlabelled/1730.png	no	100.00%
unlabelled/296.png	no	100.00%
unlabelled/395.png	no	99.99%
unlabelled/1338.png	no	99.99%
unlabelled/1589.png	yes	100.00%
unlabelled/90.png	no	99.99%
unlabelled/292.png	no	99.99%
unlabelled/980.png	other	99.99%
unlabelled/99.png	no	100.00%
unlabelled/430.png	no	100.00%
unlabelled/1029.png	yes	100.00%
unlabelled/1474.png	no	99.99%
unlabelled/344.png	no	99.99%
unlabelled/37.png	other	83.84%
unlabelled/16.png	no	99.99%
unlabelled/1590.png	no	100.00%
unlabelled/852.png	other	79.75%
unlabelled/1156.png	no	100.00%
unlabelled/1128.png	yes	100.00%
unlabelled/661.png	no	100.00%
unlabelled/964.png	no	100.00%
unlabelled/1164.png	no	100.00%
unlabelled/1088.png	other	99.99%
unlabelled/6.png	no	100.00%
unlabelled/802.png	yes	100.00%
unlabelled/235.png	no	99.99%
unlabelled/604.png	no	99.99%
unlabelled/201.png	no	100.00%
unlabelled/1449.png	no	100.00%
unlabelled/739.png	no	100.00%
unlabelled/900.png	no	100.00%
unlabelled/1180.png	no	100.00%
unlabelled/1779.png	no	100.00%
unlabelled/204.png	no	100.00%
unlabelled/245.png	no	99.99%
unlabelled/913.png	no	99.99%
unlabelled/1069.png	other	85.44%
unlabelled/1924.png	yes	100.00%
unlabelled/1998.png	no	100.00%
unlabelled/1856.png	other	99.99%
unlabelled/875.png	other	99.99%
unlabelled/1864.png	no	100.00%
unlabelled/620.png	no	97.66%
unlabelled/1585.png	no	100.00%
unlabelled/129.png	no	100.00%
unlabelled/1913.png	yes	100.00%
unlabelled/189.png	no	99.99%
unlabelled/1654.png	no	100.00%
unlabelled/1842.png	no	100.00%
unlabelled/7.png	no	99.99%
unlabelled/607.png	no	100.00%
unlabelled/1076.png	other	100.00%
unlabelled/1147.png	no	99.99%
unlabelled/40.png	no	99.99%
unlabelled/212.png	no	100.00%
unlabelled/1030.png	other	89.42%
unlabelled/1213.png	no	100.00%
unlabelled/246.png	no	100.00%
unlabelled/0.png	other	99.99%
unlabelled/741.png	no	100.00%
unlabelled/1688.png	no	100.00%
unlabelled/131.png	no	100.00%
unlabelled/128.png	no	100.00%
unlabelled/1533.png	yes	100.00%
unlabelled/756.png	no	100.00%
unlabelled/821.png	no	100.00%
unlabelled/898.png	no	100.00%
unlabelled/158.png	no	99.99%
unlabelled/1492.png	no	99.99%
unlabelled/117.png	no	99.99%
unlabelled/1321.png	no	100.00%
unlabelled/1532.png	error	53.87%
unlabelled/1163.png	no	100.00%
unlabelled/1733.png	no	99.99%
unlabelled/823.png	other	100.00%
unlabelled/1606.png	no	100.00%
unlabelled/978.png	no	100.00%
unlabelled/312.png	no	100.00%
unlabelled/988.png	no	100.00%
unlabelled/1936.png	no	100.00%
unlabelled/876.png	no	99.99%
unlabelled/1041.png	no	98.40%
unlabelled/1720.png	no	100.00%
unlabelled/1944.png	no	97.63%
unlabelled/215.png	no	100.00%
unlabelled/1691.png	no	100.00%
unlabelled/1988.png	no	100.00%
unlabelled/1.png	no	100.00%
unlabelled/1630.png	no	100.00%
unlabelled/921.png	yes	99.99%
unlabelled/492.png	no	100.00%
unlabelled/1451.png	no	99.69%
unlabelled/1051.png	no	100.00%
unlabelled/1597.png	no	99.99%
unlabelled/1541.png	no	100.00%
unlabelled/1528.png	no	100.00%
unlabelled/1508.png	no	99.99%
unlabelled/1852.png	other	100.00%
unlabelled/1665.png	no	99.99%
unlabelled/49.png	no	99.99%
unlabelled/1371.png	yes	100.00%
unlabelled/903.png	other	100.00%
unlabelled/136.png	no	100.00%
unlabelled/265.png	no	99.99%
unlabelled/991.png	no	100.00%
unlabelled/1954.png	no	100.00%
unlabelled/658.png	other	99.99%
unlabelled/1788.png	no	100.00%
unlabelled/1534.png	no	100.00%
unlabelled/1814.png	no	100.00%
unlabelled/1672.png	no	100.00%
unlabelled/1548.png	no	99.99%
unlabelled/1182.png	other	99.99%
unlabelled/909.png	no	100.00%
unlabelled/959.png	no	100.00%
unlabelled/422.png	yes	100.00%
unlabelled/841.png	no	100.00%
unlabelled/283.png	no	99.99%
unlabelled/1519.png	no	99.99%
unlabelled/634.png	other	100.00%
unlabelled/728.png	no	100.00%
unlabelled/1757.png	no	100.00%
unlabelled/1246.png	no	76.28%
unlabelled/480.png	no	99.99%
unlabelled/1023.png	no	100.00%
unlabelled/786.png	no	99.99%
unlabelled/248.png	no	100.00%
unlabelled/1802.png	no	100.00%
unlabelled/1567.png	no	100.00%
unlabelled/1141.png	no	99.99%
unlabelled/293.png	other	99.99%
unlabelled/713.png	no	97.63%
unlabelled/219.png	no	99.99%
unlabelled/1272.png	no	99.99%
unlabelled/1219.png	no	99.99%
unlabelled/96.png	no	100.00%
unlabelled/333.png	no	99.99%
unlabelled/813.png	no	100.00%
unlabelled/1601.png	no	100.00%
unlabelled/223.png	no	99.99%
unlabelled/1511.png	other	99.99%
unlabelled/911.png	no	100.00%
unlabelled/1484.png	no	100.00%
unlabelled/297.png	other	99.99%
unlabelled/1201.png	no	99.99%
unlabelled/56.png	no	99.93%
unlabelled/1091.png	no	80.41%
unlabelled/62.png	no	97.63%
unlabelled/1872.png	yes	100.00%
unlabelled/1731.png	no	100.00%
unlabelled/1120.png	no	97.66%
unlabelled/257.png	no	99.99%
unlabelled/591.png	other	100.00%
unlabelled/1465.png	error	99.99%
unlabelled/695.png	no	100.00%
unlabelled/187.png	no	100.00%
unlabelled/663.png	no	100.00%
unlabelled/1318.png	yes	100.00%
unlabelled/1776.png	no	99.99%
unlabelled/205.png	no	100.00%
unlabelled/1214.png	no	99.99%
unlabelled/1328.png	no	99.99%
unlabelled/987.png	no	99.99%
unlabelled/87.png	no	100.00%
unlabelled/652.png	no	99.99%
unlabelled/1618.png	no	99.99%
unlabelled/1655.png	no	80.41%
unlabelled/586.png	other	100.00%
unlabelled/1402.png	no	99.99%
unlabelled/185.png	no	100.00%
unlabelled/1380.png	no	100.00%
unlabelled/1694.png	no	100.00%
unlabelled/142.png	no	100.00%
unlabelled/1613.png	no	100.00%
unlabelled/1370.png	no	100.00%
unlabelled/967.png	no	99.99%
unlabelled/1424.png	no	99.99%
unlabelled/1073.png	no	100.00%
unlabelled/1891.png	no	99.93%
unlabelled/1203.png	no	99.99%
unlabelled/1616.png	no	100.00%
unlabelled/1738.png	yes	100.00%
unlabelled/127.png	no	99.99%
unlabelled/1168.png	no	100.00%
unlabelled/1064.png	no	100.00%
unlabelled/1192.png	no	100.00%
unlabelled/547.png	no	99.97%
unlabelled/222.png	no	99.99%
unlabelled/157.png	no	100.00%
unlabelled/750.png	other	81.71%
unlabelled/1336.png	no	99.99%
unlabelled/1279.png	no	100.00%
unlabelled/304.png	no	100.00%
unlabelled/743.png	no	99.99%
unlabelled/577.png	no	100.00%
unlabelled/1273.png	no	100.00%
unlabelled/1028.png	no	100.00%
unlabelled/929.png	no	100.00%
unlabelled/1593.png	yes	100.00%
unlabelled/619.png	other	99.99%
unlabelled/1065.png	no	100.00%
unlabelled/689.png	no	99.99%
unlabelled/1817.png	no	100.00%
unlabelled/1709.png	no	99.99%
unlabelled/1269.png	no	100.00%
unlabelled/1847.png	other	99.99%
unlabelled/856.png	no	100.00%
unlabelled/1409.png	no	100.00%
unlabelled/438.png	no	100.00%
unlabelled/538.png	no	100.00%
unlabelled/1406.png	no	100.00%
unlabelled/960.png	no	100.00%
unlabelled/209.png	no	99.99%
unlabelled/905.png	no	100.00%
unlabelled/413.png	no	99.99%
unlabelled/571.png	yes	100.00%
unlabelled/130.png	no	100.00%
unlabelled/1307.png	no	100.00%
unlabelled/1777.png	no	100.00%
unlabelled/409.png	other	69.35%
unlabelled/1340.png	no	100.00%
unlabelled/1403.png	yes	100.00%
unlabelled/603.png	no	99.99%
unlabelled/1378.png	no	100.00%
unlabelled/989.png	yes	100.00%
unlabelled/896.png	no	100.00%
unlabelled/1294.png	no	100.00%
unlabelled/472.png	no	99.99%
unlabelled/1970.png	other	66.61%
unlabelled/1104.png	no	99.99%
unlabelled/1432.png	no	99.99%
unlabelled/532.png	no	99.99%
unlabelled/470.png	no	99.99%
unlabelled/238.png	no	99.99%
unlabelled/1734.png	no	99.99%
unlabelled/871.png	no	99.99%
unlabelled/287.png	no	100.00%
unlabelled/303.png	no	100.00%
unlabelled/233.png	no	99.99%
unlabelled/261.png	no	100.00%
unlabelled/1663.png	no	100.00%
unlabelled/1504.png	other	68.08%
unlabelled/684.png	no	99.99%
unlabelled/1547.png	no	99.99%
unlabelled/1626.png	other	99.99%
unlabelled/1953.png	no	100.00%
unlabelled/745.png	no	100.00%
unlabelled/10.png	no	99.99%
unlabelled/1889.png	yes	100.00%
unlabelled/498.png	no	100.00%
unlabelled/80.png	no	100.00%
unlabelled/1739.png	no	99.99%
unlabelled/1270.png	no	100.00%
unlabelled/1984.png	no	100.00%
unlabelled/1907.png	no	100.00%
unlabelled/277.png	no	99.99%
unlabelled/904.png	no	100.00%
unlabelled/1354.png	no	99.69%
unlabelled/1466.png	no	99.99%
unlabelled/668.png	other	99.99%
unlabelled/441.png	no	99.99%
unlabelled/332.png	no	99.99%
unlabelled/1824.png	no	100.00%
unlabelled/1697.png	no	100.00%
unlabelled/758.png	no	100.00%
unlabelled/933.png	no	99.99%
unlabelled/188.png	no	100.00%
unlabelled/425.png	no	100.00%
unlabelled/1172.png	no	100.00%
unlabelled/1122.png	no	100.00%
unlabelled/30.png	other	100.00%
unlabelled/742.png	no	99.69%
unlabelled/1186.png	no	99.99%
unlabelled/458.png	no	99.99%
unlabelled/1591.png	no	100.00%
unlabelled/1554.png	no	99.99%
unlabelled/1977.png	yes	100.00%
unlabelled/974.png	no	99.99%
unlabelled/670.png	no	97.64%
unlabelled/814.png	no	100.00%
unlabelled/984.png	no	99.99%
unlabelled/799.png	no	99.99%
unlabelled/820.png	no	99.69%
unlabelled/717.png	no	97.64%
unlabelled/1007.png	no	100.00%
unlabelled/89.png	no	99.99%
unlabelled/882.png	no	99.99%
unlabelled/1326.png	no	99.99%
unlabelled/398.png	no	97.61%
unlabelled/432.png	no	100.00%
unlabelled/1308.png	no	100.00%
unlabelled/667.png	no	100.00%
unlabelled/489.png	no	100.00%
unlabelled/951.png	no	99.99%
unlabelled/1693.png	no	99.99%
unlabelled/122.png	no	100.00%
unlabelled/1222.png	yes	100.00%
unlabelled/1557.png	no	100.00%
unlabelled/938.png	no	99.99%
unlabelled/916.png	no	99.99%
unlabelled/1749.png	no	100.00%
unlabelled/1240.png	no	100.00%
unlabelled/863.png	no	100.00%
unlabelled/646.png	no	100.00%
unlabelled/1851.png	no	99.99%
unlabelled/1154.png	no	100.00%
unlabelled/551.png	no	99.99%
unlabelled/94.png	no	100.00%
unlabelled/1173.png	no	100.00%
unlabelled/826.png	no	100.00%
unlabelled/1774.png	no	100.00%
unlabelled/1179.png	no	100.00%
unlabelled/454.png	no	100.00%
unlabelled/1101.png	no	100.00%
unlabelled/1965.png	no	100.00%
unlabelled/1199.png	no	98.38%
unlabelled/1722.png	error	78.10%
unlabelled/272.png	no	100.00%
unlabelled/1477.png	no	99.99%
unlabelled/1962.png	no	100.00%
unlabelled/1737.png	other	99.99%
unlabelled/1278.png	no	100.00%
unlabelled/1918.png	no	100.00%
unlabelled/24.png	no	100.00%
unlabelled/637.png	no	99.99%
unlabelled/411.png	no	100.00%
unlabelled/165.png	no	100.00%
unlabelled/931.png	no	99.99%
unlabelled/1468.png	no	100.00%
unlabelled/757.png	no	100.00%
unlabelled/1632.png	yes	100.00%
unlabelled/1609.png	no	100.00%
unlabelled/1068.png	yes	99.99%
unlabelled/1676.png	no	99.99%
unlabelled/685.png	no	100.00%
unlabelled/725.png	no	100.00%
unlabelled/704.png	error	99.99%
unlabelled/1972.png	no	99.99%
unlabelled/869.png	no	100.00%
unlabelled/1082.png	no	100.00%
unlabelled/123.png	no	99.99%
unlabelled/558.png	no	100.00%
unlabelled/328.png	other	100.00%
unlabelled/1715.png	no	100.00%
unlabelled/175.png	no	99.99%
unlabelled/1956.png	no	99.93%
unlabelled/1227.png	yes	99.99%
unlabelled/523.png	no	99.99%
unlabelled/1280.png	no	100.00%
unlabelled/330.png	no	99.99%
unlabelled/1159.png	no	99.99%
unlabelled/1910.png	no	99.99%
unlabelled/118.png	no	100.00%
unlabelled/1060.png	no	100.00%
unlabelled/278.png	no	99.99%
unlabelled/1194.png	no	100.00%
unlabelled/1444.png	no	99.99%
unlabelled/893.png	no	99.99%
unlabelled/325.png	no	100.00%
unlabelled/1327.png	no	100.00%
unlabelled/520.png	no	99.99%
unlabelled/135.png	no	99.99%
unlabelled/1009.png	no	100.00%
unlabelled/54.png	no	99.99%
unlabelled/18.png	no	99.99%
unlabelled/1893.png	other	100.00%
unlabelled/507.png	no	99.99%
unlabelled/1301.png	yes	100.00%
unlabelled/1866.png	no	99.99%
unlabelled/1097.png	no	99.99%
unlabelled/792.png	no	99.99%
unlabelled/47.png	no	100.00%
unlabelled/1516.png	no	99.99%
unlabelled/598.png	no	99.99%
unlabelled/1161.png	yes	100.00%
unlabelled/1906.png	no	99.99%
unlabelled/313.png	other	100.00%
unlabelled/1997.png	other	99.99%
unlabelled/1048.png	no	99.99%
unlabelled/762.png	no	99.99%
unlabelled/315.png	no	99.99%
unlabelled/1126.png	no	99.99%
unlabelled/834.png	no	99.99%
unlabelled/1123.png	no	100.00%
unlabelled/1285.png	no	100.00%
unlabelled/848.png	no	99.99%
unlabelled/97.png	no	100.00%
unlabelled/1223.png	other	81.71%
unlabelled/1081.png	no	100.00%
unlabelled/1429.png	no	100.00%
unlabelled/446.png	yes	100.00%
unlabelled/449.png	no	100.00%
unlabelled/952.png	no	100.00%
unlabelled/626.png	yes	100.00%
unlabelled/576.png	no	99.99%
unlabelled/324.png	other	100.00%
unlabelled/369.png	no	100.00%
unlabelled/474.png	no	100.00%
unlabelled/805.png	no	100.00%
unlabelled/1440.png	no	99.99%
unlabelled/1493.png	no	99.99%
unlabelled/1090.png	no	100.00%
unlabelled/1771.png	no	100.00%
unlabelled/1110.png	other	87.21%
unlabelled/391.png	no	99.99%
unlabelled/1710.png	yes	100.00%
unlabelled/1945.png	no	100.00%
unlabelled/1425.png	no	100.00%
unlabelled/827.png	no	100.00%
unlabelled/1001.png	other	99.99%
unlabelled/410.png	no	100.00%
unlabelled/1024.png	yes	100.00%
unlabelled/307.png	other	79.92%
unlabelled/1411.png	no	99.99%
unlabelled/584.png	no	99.99%
unlabelled/1769.png	no	100.00%
unlabelled/1833.png	no	100.00%
unlabelled/487.png	no	100.00%
unlabelled/412.png	no	100.00%
unlabelled/1381.png	yes	100.00%
unlabelled/1800.png	no	100.00%
unlabelled/1119.png	no	100.00%
unlabelled/1968.png	no	100.00%
unlabelled/1259.png	no	100.00%
unlabelled/1803.png	no	100.00%
unlabelled/1561.png	yes	99.99%
unlabelled/794.png	no	99.99%
unlabelled/1813.png	no	100.00%
unlabelled/1078.png	no	99.99%
unlabelled/33.png	no	100.00%
unlabelled/1289.png	no	99.99%
unlabelled/1416.png	no	100.00%
unlabelled/714.png	no	100.00%
unlabelled/1077.png	no	100.00%
unlabelled/1823.png	no	100.00%
unlabelled/554.png	no	100.00%
unlabelled/59.png	no	99.99%
unlabelled/1685.png	no	100.00%
unlabelled/740.png	no	100.00%
unlabelled/578.png	no	100.00%
unlabelled/1608.png	no	99.99%
unlabelled/1435.png	no	100.00%
unlabelled/832.png	other	81.71%
unlabelled/267.png	yes	100.00%
unlabelled/392.png	no	100.00%
unlabelled/162.png	no	100.00%
unlabelled/1716.png	no	99.99%
unlabelled/1509.png	no	100.00%
unlabelled/397.png	no	100.00%
unlabelled/294.png	no	100.00%
unlabelled/881.png	no	100.00%
unlabelled/884.png	no	100.00%
unlabelled/1858.png	no	100.00%
unlabelled/688.png	no	100.00%
unlabelled/1335.png	no	100.00%
unlabelled/291.png	yes	100.00%
unlabelled/1331.png	no	99.99%
unlabelled/479.png	no	100.00%
unlabelled/203.png	no	99.99%
unlabelled/1943.png	no	99.99%
unlabelled/1708.png	other	99.99%
unlabelled/321.png	no	99.99%
unlabelled/1117.png	no	99.99%
unlabelled/57.png	error	99.99%
unlabelled/1086.png	no	99.99%
unlabelled/1751.png	no	99.99%
unlabelled/807.png	no	99.99%
unlabelled/342.png	no	100.00%
unlabelled/140.png	no	100.00%
unlabelled/789.png	other	99.99%
unlabelled/1899.png	no	99.99%
unlabelled/1034.png	no	99.99%
unlabelled/71.png	no	99.99%
unlabelled/793.png	other	99.99%
unlabelled/1552.png	no	100.00%
unlabelled/92.png	no	99.99%
unlabelled/601.png	no	100.00%
unlabelled/286.png	other	79.75%
unlabelled/1408.png	other	63.44%
unlabelled/1902.png	no	99.99%
unlabelled/1345.png	no	99.99%
unlabelled/801.png	no	99.99%
unlabelled/816.png	no	99.99%
unlabelled/1209.png	no	99.52%
unlabelled/1669.png	no	100.00%
unlabelled/46.png	no	99.99%
unlabelled/1158.png	no	99.99%
unlabelled/114.png	no	100.00%
unlabelled/1986.png	no	100.00%
unlabelled/918.png	no	99.99%
unlabelled/1787.png	no	100.00%
unlabelled/195.png	yes	100.00%
unlabelled/676.png	no	100.00%
unlabelled/1355.png	error	96.42%
unlabelled/979.png	no	99.99%
unlabelled/1827.png	no	99.96%
unlabelled/1288.png	no	99.99%
unlabelled/765.png	no	99.99%
unlabelled/1038.png	no	100.00%
unlabelled/638.png	other	100.00%
unlabelled/1811.png	yes	100.00%
unlabelled/808.png	yes	100.00%
unlabelled/1035.png	no	100.00%
unlabelled/1983.png	no	99.99%
unlabelled/1625.png	no	100.00%
unlabelled/19.png	no	99.99%
unlabelled/1845.png	no	100.00%
unlabelled/732.png	no	99.99%
unlabelled/1447.png	no	99.69%
unlabelled/1478.png	no	100.00%
unlabelled/1010.png	no	100.00%
unlabelled/1404.png	no	99.99%
unlabelled/361.png	no	99.99%
unlabelled/1896.png	no	100.00%
unlabelled/925.png	no	99.99%
unlabelled/22.png	no	99.99%
unlabelled/1275.png	no	97.63%
unlabelled/644.png	no	99.99%
unlabelled/1445.png	no	99.99%
unlabelled/1047.png	no	100.00%
unlabelled/1821.png	no	100.00%
unlabelled/288.png	no	99.99%
unlabelled/255.png	no	99.99%
unlabelled/1892.png	no	99.99%
unlabelled/1741.png	no	99.99%
unlabelled/1178.png	no	100.00%
unlabelled/907.png	no	99.99%
unlabelled/1513.png	yes	67.18%
unlabelled/1797.png	no	100.00%
unlabelled/1760.png	no	100.00%
unlabelled/1241.png	no	100.00%
unlabelled/565.png	yes	100.00%
unlabelled/781.png	yes	100.00%
unlabelled/557.png	no	100.00%
unlabelled/1133.png	no	100.00%
unlabelled/1850.png	no	100.00%
unlabelled/948.png	no	100.00%
unlabelled/134.png	no	100.00%
unlabelled/1250.png	no	100.00%
unlabelled/60.png	no	100.00%
unlabelled/1396.png	no	100.00%
unlabelled/837.png	yes	100.00%
unlabelled/1433.png	yes	100.00%
unlabelled/1839.png	no	100.00%
unlabelled/953.png	no	100.00%
unlabelled/669.png	no	100.00%
unlabelled/691.png	no	100.00%
unlabelled/1049.png	no	100.00%
unlabelled/1947.png	no	99.93%
unlabelled/327.png	yes	100.00%
unlabelled/1461.png	no	100.00%
unlabelled/567.png	no	100.00%
unlabelled/1884.png	no	100.00%
unlabelled/1635.png	yes	100.00%
unlabelled/1923.png	yes	99.99%
unlabelled/1555.png	error	99.99%
unlabelled/111.png	no	100.00%
unlabelled/1184.png	no	100.00%
unlabelled/423.png	no	100.00%
unlabelled/1937.png	no	100.00%
unlabelled/939.png	yes	100.00%
unlabelled/969.png	no	100.00%
unlabelled/1103.png	no	99.99%
unlabelled/1752.png	no	100.00%
unlabelled/1475.png	no	100.00%
unlabelled/1145.png	no	100.00%
unlabelled/1574.png	no	100.00%
unlabelled/1540.png	other	100.00%
unlabelled/962.png	no	99.99%
unlabelled/1322.png	other	99.99%
unlabelled/1551.png	no	99.99%
unlabelled/1112.png	yes	100.00%
unlabelled/378.png	no	99.99%
unlabelled/1056.png	no	100.00%
unlabelled/262.png	no	100.00%
unlabelled/366.png	no	100.00%
unlabelled/1226.png	no	99.99%
unlabelled/365.png	no	99.99%
unlabelled/1938.png	no	100.00%
unlabelled/1350.png	no	99.99%
unlabelled/48.png	other	100.00%
unlabelled/1351.png	no	100.00%
unlabelled/946.png	no	100.00%
unlabelled/1657.png	no	99.99%
unlabelled/250.png	other	99.99%
unlabelled/402.png	no	100.00%
unlabelled/914.png	no	100.00%
unlabelled/1692.png	no	100.00%
unlabelled/643.png	no	100.00%
unlabelled/1526.png	yes	100.00%
unlabelled/319.png	yes	100.00%
unlabelled/1578.png	no	99.99%
unlabelled/1230.png	other	100.00%
unlabelled/1662.png	no	100.00%
unlabelled/1096.png	no	100.00%
unlabelled/379.png	no	99.99%
unlabelled/179.png	other	100.00%
unlabelled/1571.png	no	100.00%
unlabelled/1637.png	no	99.99%
